{"RuleTriggered": 1, "Violations": 2, "Details": {"pin_memory": false, "num_workers": 0, "cores": 4, "dataloaders": 1, "dataloading_time": {"p25": 1.030003, "p50": 1.061709, "p95": 1.19639, "probs": [1, 0, 1, 0, 0, 0, 0, 0, 1, 0, 0, 0, 0, 0, 0, 0, 0, 0, 0, 0, 0, 1, 0, 0, 0, 1, 1, 0, 3, 0, 0, 0, 0, 0, 0, 0, 0, 0, 0, 1, 1, 1, 0, 0, 0, 0, 0, 0, 1, 0, 0, 1, 0, 0, 0, 0, 0, 0, 0, 0, 0, 0, 2, 1, 0, 0, 0, 0, 0, 0, 0, 0, 0, 0, 0, 0, 0, 1, 0, 0, 0, 0, 0, 0, 0, 0, 0, 0, 0, 0, 0, 0, 0, 0, 0, 0, 1, 0, 0, 2], "binedges": [0.970235, 0.9725052799999999, 0.97477556, 0.9770458399999999, 0.97931612, 0.9815864, 0.9838566799999999, 0.98612696, 0.98839724, 0.9906675199999999, 0.9929378, 0.9952080799999999, 0.99747836, 0.99974864, 1.00201892, 1.0042891999999999, 1.00655948, 1.00882976, 1.0111000399999999, 1.01337032, 1.0156406, 1.0179108799999999, 1.02018116, 1.02245144, 1.02472172, 1.026992, 1.02926228, 1.03153256, 1.03380284, 1.03607312, 1.0383434, 1.0406136799999999, 1.04288396, 1.04515424, 1.0474245199999999, 1.0496948, 1.05196508, 1.0542353599999998, 1.05650564, 1.05877592, 1.0610462, 1.06331648, 1.06558676, 1.06785704, 1.0701273199999999, 1.0723976, 1.07466788, 1.0769381599999999, 1.07920844, 1.08147872, 1.083749, 1.08601928, 1.08828956, 1.09055984, 1.09283012, 1.0951004, 1.09737068, 1.09964096, 1.10191124, 1.10418152, 1.1064517999999999, 1.10872208, 1.11099236, 1.1132626399999999, 1.11553292, 1.1178032, 1.1200734799999998, 1.12234376, 1.12461404, 1.12688432, 1.1291546, 1.13142488, 1.13369516, 1.1359654399999999, 1.13823572, 1.140506, 1.1427762799999999, 1.14504656, 1.14731684, 1.14958712, 1.1518574, 1.15412768, 1.15639796, 1.15866824, 1.16093852, 1.1632088, 1.16547908, 1.16774936, 1.17001964, 1.1722899199999999, 1.1745602, 1.17683048, 1.1791007599999999, 1.18137104, 1.18364132, 1.1859115999999998, 1.18818188, 1.19045216, 1.19272244, 1.19499272, 1.197263]}}, "Datapoints": 21, "RuleParameters": "min_threshold:70\nmax_threshold:200"}