{"RuleTriggered": 11467, "Violations": 11467, "Details": {"algo-1": {"gpu0": {"increase": 6.322222222222223, "gpu_max": 100.0, "p05": 0.0, "p25": 0.0, "p50": 0.0, "p75": 56.0, "p95": 97.0, "upper": 100.0, "lower": 0.0}}, "last_timestamp": 1678040040000000, "algo-2": {"gpu0": {"increase": 11.544444444444444, "gpu_max": 100.0, "p05": 0.0, "p25": 0.0, "p50": 0.0, "p75": 57.0, "p95": 97.0, "upper": 100.0, "lower": 0.0}}}, "Datapoints": 28766, "RuleParameters": "increase:5\npatience:1000\nwindow:10"}