{"RuleTriggered": 0, "Violations": 39, "Details": {"low_gpu_utilization": 33056, "bottlenecks": {"1678025718.000312": {"GPUs": 1, "CPUs": 1}, "1678025730.000261": {"GPUs": 1, "CPUs": 1}, "1678025717.502546": {"GPUs": 1, "CPUs": 1}, "1678025804.00025": {"GPUs": 1, "CPUs": 1}, "1678025805.000253": {"GPUs": 1, "CPUs": 1}, "1678025796.500278": {"GPUs": 1, "CPUs": 1}, "1678025915.000276": {"GPUs": 1, "CPUs": 1}, "1678025928.000271": {"GPUs": 1, "CPUs": 1}, "1678025929.500291": {"GPUs": 1, "CPUs": 1}, "1678025941.500263": {"GPUs": 1, "CPUs": 1}, "1678025944.500255": {"GPUs": 1, "CPUs": 1}, "1678025945.000241": {"GPUs": 1, "CPUs": 1}, "1678025945.500271": {"GPUs": 1, "CPUs": 1}, "1678025946.000284": {"GPUs": 1, "CPUs": 1}, "1678025946.500237": {"GPUs": 1, "CPUs": 1}, "1678025947.500245": {"GPUs": 1, "CPUs": 1}, "1678025948.000262": {"GPUs": 1, "CPUs": 1}, "1678025949.000249": {"GPUs": 1, "CPUs": 1}, "1678025950.000993": {"GPUs": 1, "CPUs": 1}, "1678025956.000263": {"GPUs": 1, "CPUs": 1}, "1678025961.500246": {"GPUs": 1, "CPUs": 1}, "1678025962.000264": {"GPUs": 1, "CPUs": 1}, "1678025967.000486": {"GPUs": 1, "CPUs": 1}, "1678025942.000323": {"GPUs": 1, "CPUs": 1}, "1678025943.000306": {"GPUs": 1, "CPUs": 1}, "1678025946.000288": {"GPUs": 1, "CPUs": 1}, "1678025946.500307": {"GPUs": 1, "CPUs": 1}, "1678025947.000292": {"GPUs": 1, "CPUs": 1}, "1678025947.500289": {"GPUs": 1, "CPUs": 1}, "1678025948.000277": {"GPUs": 1, "CPUs": 1}, "1678025948.50031": {"GPUs": 1, "CPUs": 1}, "1678025949.000277": {"GPUs": 1, "CPUs": 1}, "1678025949.500281": {"GPUs": 1, "CPUs": 1}, "1678025956.500288": {"GPUs": 1, "CPUs": 1}, "1678025964.00028": {"GPUs": 1, "CPUs": 1}, "1678025964.500293": {"GPUs": 1, "CPUs": 1}, "1678025965.000306": {"GPUs": 1, "CPUs": 1}, "1678025969.500279": {"GPUs": 1, "CPUs": 1}, "1678025970.500312": {"GPUs": 1, "CPUs": 1}}}, "Datapoints": 57545, "RuleParameters": "threshold:50\nio_threshold:50\ngpu_threshold:10\npatience:1000"}