{"RuleTriggered": 0, "Violations": 0, "Details": {"ratio": {"gpu_functions-dev:0": 52.158149433819354, "cpu_functions": 47.84185056618064}, "phase": {"Step:ModeKeys.TRAIN": 7.597550593979569, "others": 90.64519057204792, "Step:ModeKeys.EVAL": 1.7572588339725022}, "phase_time": {}, "CPU": {"aten::conv2d": 18.40734960002233, "aten::convolution": 18.063045392887698, "aten::_convolution": 17.969526076865574, "aten::cudnn_convolution": 17.917564700617227, "aten::linear": 2.819235337236949, "aten::addmm": 2.7905460939643745, "enumerate(DataLoader)#_SingleProcessDataLoaderIter.__next__": 22.03273279840585}, "CPU_total": {"aten::conv2d": 18801143, "aten::convolution": 18449473, "aten::_convolution": 18353953, "aten::cudnn_convolution": 18300880, "aten::linear": 2879548, "aten::addmm": 2850245, "enumerate(DataLoader)#_SingleProcessDataLoaderIter.__next__": 22504085}, "GPU": {"aten::conv2d": 18.852246953854703, "aten::convolution": 18.849050841784386, "aten::_convolution": 18.845951175677634, "aten::cudnn_convolution": 18.84266397575284, "aten::linear": 2.256587288334486, "aten::addmm": 2.2565167398981756, "enumerate(DataLoader)#_SingleProcessDataLoaderIter.__next__": 20.09698302469776}, "GPU_total": {"aten::conv2d": 21110709, "aten::convolution": 21107130, "aten::_convolution": 21103659, "aten::cudnn_convolution": 21099978, "aten::linear": 2526922, "aten::addmm": 2526843, "enumerate(DataLoader)#_SingleProcessDataLoaderIter.__next__": 22504562}, "general": {"DataLoaderIterInitialize": 0.003109933358955042, "DataLoaderIter": 3.386249458122168, "Forward": 96.61064060851888}}, "Datapoints": 0, "RuleParameters": ""}