{"RuleTriggered": 805, "Violations": 15692, "Details": {"step_details": {"algo-1-28": {"step_stats": {"mean": 0.021117606039325842, "max": 0.029498, "p99": 0.026066430000000005, "p95": 0.023810700000000008, "p50": 0.020354, "min": 0.01907}, "number_of_outliers": 47, "phase": "Step:ModeKeys.EVAL", "stddev": 0.0, "probs": [1, 1, 2, 5, 3, 19, 30, 47, 95, 91, 127, 171, 149, 138, 137, 122, 111, 88, 83, 79, 46, 30, 33, 31, 22, 20, 21, 26, 23, 24, 22, 19, 13, 14, 18, 18, 16, 13, 13, 17, 13, 14, 8, 13, 17, 22, 29, 41, 38, 43, 43, 45, 43, 48, 43, 38, 41, 33, 31, 34, 24, 23, 18, 13, 16, 15, 11, 1, 5, 4, 1, 7, 6, 5, 6, 3, 3, 3, 1, 3, 1, 1, 0, 4, 3, 4, 2, 2, 2, 2, 3, 1, 4, 3, 7, 5, 2, 1, 4, 7], "binedges": [0.01907, 0.01913735, 0.0192047, 0.01927205, 0.0193394, 0.01940675, 0.0194741, 0.019541450000000002, 0.0196088, 0.01967615, 0.0197435, 0.01981085, 0.0198782, 0.01994555, 0.0200129, 0.02008025, 0.0201476, 0.02021495, 0.0202823, 0.02034965, 0.020417, 0.020484350000000002, 0.0205517, 0.02061905, 0.0206864, 0.02075375, 0.020821100000000002, 0.02088845, 0.0209558, 0.02102315, 0.0210905, 0.02115785, 0.0212252, 0.02129255, 0.0213599, 0.021427250000000002, 0.0214946, 0.02156195, 0.0216293, 0.02169665, 0.021764, 0.02183135, 0.0218987, 0.02196605, 0.0220334, 0.022100750000000002, 0.0221681, 0.02223545, 0.0223028, 0.022370150000000002, 0.0224375, 0.02250485, 0.0225722, 0.02263955, 0.022706900000000002, 0.02277425, 0.0228416, 0.02290895, 0.0229763, 0.02304365, 0.023111, 0.02317835, 0.0232457, 0.023313050000000002, 0.023380400000000003, 0.02344775, 0.0235151, 0.02358245, 0.023649800000000002, 0.02371715, 0.0237845, 0.02385185, 0.0239192, 0.023986550000000002, 0.024053900000000003, 0.02412125, 0.0241886, 0.024255950000000002, 0.0243233, 0.02439065, 0.024458, 0.02452535, 0.024592700000000002, 0.024660050000000003, 0.0247274, 0.02479475, 0.0248621, 0.024929450000000002, 0.0249968, 0.02506415, 0.0251315, 0.025198850000000002, 0.025266200000000003, 0.025333550000000003, 0.0254009, 0.02546825, 0.025535600000000002, 0.02560295, 0.0256703, 0.02573765, 0.025805], "step_numbers": ["10", "29", "56", "83", "120", "140", "150", "160", "200", "230", "280", "327", "340", "380", "490", "560", "580", "600", "758", "980", "1000", "1049", "1150", "1160", "1172", "1190", "1250", "1320", "1324", "1380", "1400", "1440", "1490", "1560", "1600", "1680", "1740", "1760", "1820", "1920", "1950", "1960", "2010", "2060", "2260", "2270", "2520"]}, "algo-2-27": {"step_stats": {"mean": 0.02131456460674157, "max": 0.030028, "p99": 0.026159010000000003, "p95": 0.0239478, "p50": 0.0205455, "min": 0.018945}, "number_of_outliers": 49, "phase": "Step:ModeKeys.EVAL", "stddev": 0.0, "probs": [1, 0, 0, 0, 0, 0, 0, 0, 4, 6, 12, 32, 43, 84, 133, 147, 177, 169, 178, 135, 130, 91, 81, 57, 35, 31, 41, 32, 24, 41, 24, 22, 19, 19, 21, 15, 20, 24, 15, 16, 14, 13, 17, 21, 11, 14, 15, 17, 20, 25, 40, 53, 56, 61, 53, 44, 44, 50, 26, 40, 32, 33, 26, 30, 18, 11, 10, 9, 8, 8, 3, 4, 5, 4, 6, 5, 4, 4, 0, 2, 6, 2, 2, 6, 5, 1, 2, 3, 1, 2, 3, 1, 2, 2, 4, 2, 5, 3, 4, 8], "binedges": [0.018945, 0.01901446, 0.01908392, 0.01915338, 0.01922284, 0.0192923, 0.01936176, 0.01943122, 0.01950068, 0.01957014, 0.0196396, 0.01970906, 0.01977852, 0.01984798, 0.01991744, 0.019986900000000002, 0.02005636, 0.02012582, 0.02019528, 0.02026474, 0.0203342, 0.02040366, 0.02047312, 0.02054258, 0.02061204, 0.0206815, 0.02075096, 0.02082042, 0.02088988, 0.02095934, 0.0210288, 0.02109826, 0.02116772, 0.02123718, 0.02130664, 0.021376100000000002, 0.02144556, 0.02151502, 0.02158448, 0.02165394, 0.0217234, 0.02179286, 0.02186232, 0.02193178, 0.02200124, 0.0220707, 0.02214016, 0.02220962, 0.02227908, 0.02234854, 0.022418, 0.02248746, 0.02255692, 0.02262638, 0.022695840000000002, 0.0227653, 0.02283476, 0.02290422, 0.02297368, 0.02304314, 0.0231126, 0.02318206, 0.02325152, 0.023320979999999998, 0.02339044, 0.0234599, 0.02352936, 0.02359882, 0.02366828, 0.02373774, 0.0238072, 0.02387666, 0.02394612, 0.02401558, 0.024085040000000002, 0.024154500000000002, 0.02422396, 0.02429342, 0.02436288, 0.02443234, 0.0245018, 0.02457126, 0.02464072, 0.024710179999999998, 0.02477964, 0.0248491, 0.02491856, 0.02498802, 0.02505748, 0.02512694, 0.0251964, 0.02526586, 0.02533532, 0.025404780000000002, 0.025474240000000002, 0.0255437, 0.02561316, 0.02568262, 0.02575208, 0.02582154, 0.025891], "step_numbers": ["29", "56", "60", "180", "270", "329", "460", "510", "610", "690", "780", "790", "870", "880", "990", "1009", "1010", "1020", "1070", "1080", "1090", "1160", "1230", "1350", "1430", "1500", "1510", "1570", "1600", "1620", "1640", "1670", "1680", "1684", "1740", "1750", "1954", "2040", "2060", "2140", "2200", "2420", "2480", "2500", "2550", "2614", "2775", "2820", "2840"]}}, "ratio": {}, "phase": {"Step:ModeKeys.EVAL": 100.0}, "phase_time": {}, "general": {"Forward": 100.0}}, "Datapoints": 23800, "RuleParameters": "threshold:3\nmode:None\nn_outliers:10\nstddev:3"}